text,label,notes
"That penalty decision completely changed the game. I'm absolutely gutted for the team.",reaction,
"I can't stop crying. Four years of waiting for this and it ends like that.",reaction,
"GOOOOOL! Are you kidding me?! What a strike from outside the box!",reaction,
"Unbelievable. Just unbelievable. I have no words.",reaction,
"This referee is an absolute disgrace. That was never a red card.",reaction,
"I can't breathe. Extra time again. My heart cannot handle this tournament.",reaction,
"We're through! We're actually through! I've never screamed so loud in my life.",reaction,
"That save. THAT SAVE. Goalkeeper of the tournament right there.",reaction,
"Watching this match alone at 3am and I just woke up my entire apartment screaming.",reaction,
"No no no no no. Not like this. Not in a penalty shootout again.",reaction,
"That goal just broke me. I genuinely feel sick.",reaction,
"Get in!!! Best day of my life honestly. What a time to be alive.",reaction,
"I'm shaking. Literally shaking. How did they come back from 2-0 down?",reaction,
"Turn it off. I cannot watch this anymore.",reaction,
"The atmosphere in that stadium looks absolutely electric. Goosebumps through the screen.",reaction,
"That substitution just cost them the match. I'm furious.",reaction,
"Crying happy tears right now. This team deserves every bit of this.",reaction,
"I've watched every World Cup since 1990 and this is the most dramatic I've seen.",reaction,
"My grandfather would have loved to see this. Thinking of him tonight.",reaction,
"This is what football is about. Pure emotion. I love this sport so much.",reaction,
"Woke up at 5am to watch this and it was worth every minute of lost sleep.",reaction,
"The noise in that stadium is giving me chills just through the TV.",reaction,
"I don't care about sleep anymore. Just football. Only football.",reaction,
"That missed penalty will haunt him forever. I feel genuinely bad.",reaction,
"Absolute scenes. This group stage has been the best in years.",reaction,
"France is the most overrated team in this tournament. They always underperform when it matters.",hot_take,
"Mbappe is a fraud in knockout rounds. Stats don't lie — he vanishes every single time.",hot_take,
"Ronaldo should have retired two years ago. He's actively hurting Portugal now.",hot_take,
"England will never win a World Cup again in my lifetime. It's a mentality problem.",hot_take,
"VAR has completely ruined football. The game was better without it, full stop.",hot_take,
"Neymar is the most overrated player of his generation. All skill, no substance.",hot_take,
"The Premier League is overrated and it shows when these players get to a real tournament.",hot_take,
"South American football is just superior to European football. Always has been.",hot_take,
"Argentina only won because the draw was fixed in their favor. Anyone can see that.",hot_take,
"Germany is a finished footballing nation. That era is permanently over.",hot_take,
"The host nation always gets favorable refereeing. It's not even a conspiracy at this point.",hot_take,
"Modern strikers are soft. The defenders of the 90s would have destroyed Mbappe.",hot_take,
"This generation of players cares more about social media than winning trophies.",hot_take,
"Penalty shootouts are a terrible way to decide a World Cup match. Pure lottery.",hot_take,
"The best team never wins the World Cup. It always comes down to luck.",hot_take,
"African teams are always underestimated and it's honestly embarrassing at this point.",hot_take,
"This referee has been bought. There's no other explanation for those decisions.",hot_take,
"Goalkeepers are the most underappreciated position in football and it's not even close.",hot_take,
"International football is boring compared to club football. Change my mind.",hot_take,
"This World Cup has had the worst quality of football I've seen in 20 years.",hot_take,
"The offside rule needs to be completely scrapped. It kills more goals than it saves.",hot_take,
"Spain play beautiful football but they'll never win anything with that squad depth.",hot_take,
"Brazil are frauds. They look great against weak teams then fall apart against real opposition.",hot_take,
"The golden era of World Cup football ended in 2006. Everything since has been a disappointment.",hot_take,
"Morocco's run in this tournament is the greatest underdog story in World Cup history.",hot_take,
"France's 4-3-3 has been consistently vulnerable on the left side of defense. Their fullback is being isolated in wide areas and teams with pace on the right wing are exploiting this.",analysis,
"England's expected goals differential in the group stage was +4.2 but their actual goal differential was only +2, suggesting they were wasteful in front of goal and got lucky defensively.",analysis,
"Argentina's pressing intensity drops significantly after the 70th minute — their PPDA (passes allowed per defensive action) goes from 8.2 in the first half to 13.7 in the second, which explains why they concede late.",analysis,
"Morocco's defensive structure is a 4-1-4-1 that compresses into a 4-5-1 out of possession. Their two central midfielders do the most defensive work in the tournament by distance covered.",analysis,
"Brazil's buildup play has been hampered by their center backs being uncomfortable on the ball. They average only 3.2 progressive passes per game from the backline, compared to Spain's 8.7.",analysis,
"The data shows Japan's high press is statistically the most effective in the tournament — they force turnovers in the final third at a rate of 4.3 per 90 minutes, nearly double the tournament average.",analysis,
"Portugal's over-reliance on Ronaldo is measurable: when he plays, they average 1.4 shots on target per game through his involvement; when he's benched, that drops to 0.6.",analysis,
"Spain's dominance in possession doesn't translate to dominance in chance creation. Their xG per possession sequence is 0.04, which ranks 8th in the tournament despite leading in ball retention.",analysis,
"Germany's defensive line has been set unusually high — averaging 38 meters from their own goal. This creates space in behind that fast forwards have exploited consistently.",analysis,
"The host nation effect is measurable in this tournament: home team win rate is 61% compared to the historical average of 54%, and penalty decisions favor the home side at a 2:1 ratio.",analysis,
"Croatia's midfield press triggers when the opposition plays into central areas — they allow wide passes freely but immediately press when the ball enters the channel. This is why they force so many backward passes.",analysis,
"Comparing this World Cup's goals per game (2.6) to the last three tournaments (2002: 2.52, 2006: 2.30, 2010: 2.27) shows a clear upward trend in attacking output that correlates with rule changes favoring attackers.",analysis,
"The correlation between a team's average defensive block height and goals conceded in this tournament is -0.67, confirming that high defensive lines are a significant risk factor at this level.",analysis,
"Senegal's defensive transition speed is the fastest in the tournament — they recover their defensive shape in an average of 3.8 seconds after losing the ball, compared to the tournament average of 5.2.",analysis,
"England's set piece routine has evolved significantly — they now use blockers to create separation, generating 0.31 xG per corner compared to 0.09 in the previous tournament.",analysis,
"The number of goals scored from outside the box has increased by 34% compared to the last World Cup, likely a direct consequence of deeper defensive blocks inviting long shots.",analysis,
"Saudi Arabia's tactical adjustment against Argentina — dropping into a 4-4-2 mid-block with aggressive offside traps — was executed at a line 10 meters higher than their previous matches.",analysis,
"Ghana's pressing triggers were specifically designed to force switches of play — their wingers press the near center back, making a long diagonal to the far side the natural escape, where their trap was set.",analysis,
"The tournament's top ball-winning midfielder averages 9.3 ball recoveries per 90 and covers 13.2km per match — an extraordinary workload that suggests he will fatigue significantly in later rounds.",analysis,
"France's attacking transitions are the fastest in the tournament — they go from defensive action to shot in an average of 7.2 seconds, compared to the next fastest team at 9.1 seconds.",analysis,
"Looking at the last five World Cups, teams that lead after 60 minutes win 84% of the time. This suggests the importance of scoring first — not because of morale, but because of how teams tactically adjust to chasing a game.",analysis,
"Netherlands' 3-4-3 creates overloads in wide areas — their wing-backs average 47 touches per game in the final third, which is 23% higher than any other team using a back three.",analysis,
"The xG model suggests three upsets in this tournament were actually expected — the favorites had lower pre-match xG in those games, meaning the 'upsets' reflected actual tactical mismatches, not luck.",analysis,
"Defensive teams historically outperform their expected results in knockout rounds because variance decreases with fewer goals — a 0-0 game going to penalties is equally likely for a team with 0.4 xG as one with 1.8 xG.",analysis,
"Portugal's pressing has been almost entirely absent when Ronaldo starts — without the ball they operate in a 4-4-2 medium block, but with Felix they press aggressively and win the ball significantly higher.",analysis,
"That was an incredible match from start to finish. Both teams gave everything.",reaction,
"Can't believe what I just witnessed. Football really is the beautiful game.",reaction,
"I feel empty. Just completely empty after that result.",reaction,
"This team plays with so much heart. You can see how much it means to them.",reaction,
"The fans in that stadium are incredible. The noise is unreal.",reaction,
"I've never been so nervous watching a football match in my entire life.",reaction,
"That's it. That's the goal of the tournament. No debate.",reaction,
"I genuinely thought we were out. The comeback is real.",reaction,
"Football is not coming home and I'm devastated.",reaction,
"This goalkeeper is playing the tournament of his life. What a performance.",reaction,
"The defending champion always struggles in the group stage. It's a curse.",hot_take,
"Tactical formations are overrated. It's about individual quality and nothing else.",hot_take,
"This World Cup has been rigged from the start. The results are too convenient.",hot_take,
"European teams always get soft draws. The system is designed for them.",hot_take,
"Pressing football is just a fad. Patient buildup will always be superior long-term.",hot_take,
"No team from Asia will ever win a World Cup. The quality gap is too large.",hot_take,
"The best player at this tournament isn't even getting mentioned because the media has a narrative.",hot_take,
"This tournament's group of death was obviously engineered to eliminate certain nations early.",hot_take,
"Modern football coaching is too data-driven. Intuition matters more than analytics.",hot_take,
"The World Cup should go back to 24 teams. 32 dilutes the quality too much.",hot_take,
"Any team that plays for a draw deserves to go out. Attack or go home.",hot_take,
"Young players are ruined by being overhyped at 18. The pressure destroys them.",hot_take,
"This referee has made three incorrect decisions in a row. He should never work again.",hot_take,
"The Golden Boot race is always political. The best striker never wins it.",hot_take,
"Big nations get more stoppage time added. Watch the numbers and tell me I'm wrong.",hot_take,
"I can't believe how poorly that team played. That performance was an insult.",reaction,
"What a tournament this has been. Already one of my all-time favorites.",reaction,
"That red card was so harsh. The game completely changed in that moment.",reaction,
"I'm going to be emotionally wrecked for days after this match.",reaction,
"The noise when that goal went in. I had actual chills.",reaction,
"This is the most tense I've been watching football since the 2014 final.",reaction,
"I genuinely screamed so loud my neighbors knocked on my wall.",reaction,
"The look on the players' faces when the final whistle went. Pure joy.",reaction,
"That substitution worked perfectly. What a call from the manager.",reaction,
"I was ready to turn it off at 2-0 and now we're level. Unbelievable.",reaction,
"The press conferences after these games are more entertaining than the matches.",hot_take,
"This coach should have been fired three games ago. Every decision has been wrong.",hot_take,
"The tournament format rewards mediocrity. Too many second-place teams advancing.",hot_take,
"Football without pressure is just jogging. These players need to be challenged more.",hot_take,
"The ball is too light. Goals have increased because the ball moves unnaturally.",hot_take,
"Wearing a captain's armband at 21 is too much pressure. Clubs shouldn't do it.",hot_take,
"The media picks the tournament favorites before a ball is kicked. It's all narrative.",hot_take,
"That team's possession stats are meaningless. They pass sideways for 80 minutes.",hot_take,
"Any coach who plays a holding midfielder is scared of winning. It's defensive thinking.",hot_take,
"The World Cup trophy should be redesigned. The current one looks outdated.",hot_take,
"France's press success rate in the final third has been 41% this tournament compared to 29% in their last World Cup campaign, showing a significant improvement in their out-of-possession structure.",analysis,
"The data on penalty shootout performance shows that teams who take the first kick win 60% of shootouts historically, yet the coin toss determining order receives almost no tactical attention.",analysis,
"Brazil's wide attackers are completing 3.2 progressive carries per 90 into the final third — the highest in the tournament — but their crossing accuracy of 18% means these advances rarely convert to chances.",analysis,
"The correlation between a goalkeeper's save percentage from inside the box and their team's tournament progression is 0.71, stronger than any outfield player metric.",analysis,
"Teams winning at halftime in this tournament have gone on to win the match 79% of the time, slightly below the historical average of 83%, suggesting more second-half comebacks than usual.",analysis,
"England's transition from defense to attack averages 6.4 passes before a shot attempt, compared to the tournament average of 4.1, suggesting they are overcomplicating their attacking sequences.",analysis,
"The average age of the tournament's top five performers by progressive passes received is 23.4 — younger than in any previous World Cup — indicating a structural shift toward young technical players.",analysis,
"Morocco's defensive block allows an average of only 4.2 shots per game against, the lowest in the tournament, achieved through an extremely narrow mid-block that eliminates central combinations.",analysis,
"Looking at historical data, no team that has conceded first in a knockout match has come back to win in the last three tournaments — a streak that makes early goals statistically decisive.",analysis,
"Spain's tiki-taka evolution has been measurable: they now play more vertical passes per possession sequence than in 2010, with their forward pass percentage up from 34% to 47%.",analysis,
"The number of goals from counterattacks has increased by 28% compared to the last edition, correlating with more teams using deep defensive blocks and conceding territory intentionally.",analysis,
"Switzerland's set piece defense is statistically the best in the tournament — they allow 0.04 xG per opposition set piece, achieved through a zonal marking system with designated ball-winners.",analysis,
"I honestly didn't expect to feel this emotional watching a group stage match. Football gets me every time.",reaction,
"What a save. What an absolutely stunning save. I rewound it four times.",reaction,
"That's the best atmosphere I've seen at a World Cup since South Africa 2010.",reaction,
"I'm not going to recover from this result before the next match. I need a week.",reaction,
"The way that crowd stayed behind the team even when they were losing. Spine-tingling.",reaction,
"I genuinely forgot to breathe during that last ten minutes.",reaction,
"This is why I've loved football my entire life. Moments like this.",reaction,
"I was wrong about this team. Completely wrong. They are genuinely special.",reaction,
"That captain just played through what looked like a serious injury. Absolute warrior.",reaction,
"My kids were watching their first World Cup tonight and I'm so glad it was this game.",reaction,
"Africa deserves more World Cup spots. The continent produces elite talent but gets limited representation relative to Europe.",hot_take,
"The World Cup has become too commercial. The soul of the tournament has been sold.",hot_take,
"Tactical evolution in football peaked in the 2010s. Nothing new has been invented since.",hot_take,
"Any player who doesn't press is a liability at this level. No exceptions.",hot_take,
"The best footballing nations are never the ones who win the trophy. Irony of the sport.",hot_take,
"This generation of defenders is the weakest in World Cup history. They can't defend.",hot_take,
"Refereeing decisions average out over a tournament. Stop complaining about one call.",hot_take,
"The underdog narrative is manufactured by broadcasters. These are not real surprises.",hot_take,
"International breaks ruin club momentum and the players pay for it physically.",hot_take,
"Every World Cup someone discovers the 'best midfielder ever' who disappears after the tournament.",hot_take,
"Japan's 3-4-3 transition into a 5-4-1 defensive block was set up specifically to counter Germany's wide overloads, and the data shows it worked — Germany attempted 34 crosses but only 3 reached the target.",analysis,
"The xG difference between this tournament's knockout rounds and group stage is -0.8 per game, confirming the well-documented pattern of teams prioritizing defensive solidity as stakes increase.",analysis,
"Croatia's midfield dominance can be quantified: they win 58% of contested midfield duels, the highest in the tournament, which explains their ability to control game tempo regardless of opposition.",analysis,
"The average sprint distance covered by wingers in this tournament is 892 meters per 90 — a 12% increase from the last edition, reflecting higher tactical demands on wide players.",analysis,
"Australia's pressing system triggers specifically at goal kicks — they use a man-oriented press that has forced 6 errors directly from opposition goal kicks, the highest in the tournament.",analysis,
"The statistical relationship between a team's budget and their tournament performance has weakened significantly since 2010 — the correlation coefficient dropped from 0.81 to 0.54, suggesting tactical quality increasingly compensates for resource gaps.",analysis,
"Portugal's 4-3-3 creates a structural weakness when their number 8s push forward — the space between the lines in central midfield has been exploited by every team they've faced with a quick pivot.",analysis,
"I'm not usually emotional about football but something about this World Cup has genuinely moved me.",reaction,
"That tactical switch in the second half completely changed the match. Brilliant management.",reaction,
"The energy in this stadium is unlike anything I've ever seen at a football match.",reaction,
"I've been watching football for 30 years and that was one of the most dramatic finishes I can remember.",reaction,
"That team just showed the entire world what they're capable of. Proud doesn't cover it.",reaction,
"My phone died during extra time and I thought I was going to have a breakdown.",reaction,
"I don't care what anyone says — this is the best World Cup in living memory.",reaction,
"That goal celebration was pure joy. You can't manufacture that kind of emotion.",reaction,
"I stayed up until 4am and I would do it again without hesitation.",reaction,
"Football is genuinely the most emotional sport on earth and this tournament proves it.",reaction,
"The current World Cup format unfairly benefits nations with deeper squads by scheduling matches with less rest between rounds for smaller nations.",hot_take,
"Penalty shootouts should be replaced with golden goal extra time. More football, more fair.",hot_take,
"This is the worst group of referees assembled for a World Cup in modern history.",hot_take,
"The best tactical coach at this tournament isn't getting any credit because his team is small.",hot_take,
"Players who simulate deserve lifetime bans. It's destroying the integrity of the game.",hot_take,
"The ball is too light this tournament. Long-range efforts are going in too easily.",hot_take,
"FIFA rankings are completely meaningless. They haven't predicted a single result accurately.",hot_take,
"The media narrative around certain players is so strong it influences referee decisions subconsciously.",hot_take,
"Playing football in summer heat over 35 degrees is dangerous and FIFA doesn't care.",hot_take,
"This is the last generation of truly great footballers. The next generation lacks the mentality.",hot_take,
"The United States' tactical approach has been surprisingly sophisticated — their 4-3-3 high press has generated 11.4 high turnovers per 90, ranking 3rd in the tournament.",analysis,
"Comparing defensive block depth across the tournament's top 8 teams shows a bimodal distribution: teams either defend very high (avg 42m) or very deep (avg 31m), with few choosing a middle approach.",analysis,
"The goalkeeper distribution pattern has changed markedly this tournament — 67% of goal kicks are now played short, compared to 41% in the previous edition, reflecting tactical evolution toward build-up from the back.",analysis,
"Ecuador's press has been calibrated specifically for high altitude acclimatization — their pressing intensity increases in the second half as opponents fatigue, a deliberate tactical choice supported by their physical data.",analysis,
"The historical data on hosts shows they average 0.4 more goals per game than their pre-tournament form suggests, which is best explained by crowd effect on referee decisions rather than genuine performance uplift.",analysis,
"Senegal's wide press traps have been set up to exploit teams that play out from the back — they concede the first pass wide then aggressively double the winger, winning 73% of those contested duels.",analysis,
"I cannot handle these last five minutes. My stomach is in knots.",reaction,
"That celebration with the entire squad running to the corner flag. That's what football is.",reaction,
"I've been following this team for 20 years and today felt like a reward for all of it.",reaction,
"Someone needs to check on me because I am not okay after that result.",reaction,
"The players giving their shirts to the fans after the match. Goosebumps.",reaction,
"I screamed so hard at that final whistle I've lost my voice completely.",reaction
"I can't stop watching that goal on repeat. It belongs in a museum.",reaction,
"That was the most stressful 90 minutes of football I've watched this year.",reaction,
"The substitutes who came on changed everything. What a bench.",reaction,
"I've never hugged a stranger before but today I hugged three people in this bar.",reaction,
"Cameroon's tactical press is interesting — their 4-2-3-1 collapses into a 4-4-2 mid-block within 3 seconds of losing the ball, one of the fastest shape recoveries in the tournament.",analysis,
"The data on World Cup group stage draws shows teams playing their third game with qualification secured underperform by 0.6 goals on average — a clear rotation effect that's predictable and exploitable.",analysis,
"South Korea's counter-pressing relies on the striker's positioning — he acts as the first press trigger, dropping into a central area to cut off the pivot pass and forcing the ball wide.",analysis,
"Iran's defensive line discipline has been exceptional — their average defensive width compresses to 28 meters out of possession, the narrowest in the tournament, eliminating central combinations entirely.",analysis,
"Poland's goalkeeper is statistically the most impactful player on their team — his post-shot xG prevented (goals saved above expectation) is +2.3, which effectively accounts for their entire positive goal difference.",analysis,
